-- master_courses insert
INSERT INTO `master_courses` (
	`organization_id`,
	`course_name`,
	`price`,
	`max_iterations`,
	`url`,
	`after_disclaimer`,
	`before_certification`,
	`after_certification`,
	`last_rid`,
	`total_sections`,
	`total_tests_surveys`
) VALUES (
	'1',
	'AlcoholSBIRT 3 Hour',
	'50.00',
	'2',
	'asb3_mod1',
	'dod_3hr_pre_test',
	'dod_3hr_post_test_satisfaction',
	'dod_3hr_post_test_competence',
	'dod_3hr_practice',
	'49',
	'14'
);

-- set the new AlcoholSBIRT 3 Hour Course ID to reference in future inserts
set @course_id = (select id from master_courses where organization_id = 1 and course_name = 'AlcoholSBIRT 3 Hour');

-- master_course_elements insert
INSERT INTO `master_course_elements` (
	`course_id`,
	`response_id`,
	`tltle`,
	`sequence_number`,
	`base_question`,
	`number_of_atttempts_allowed`,
	`parent`,
	`is_skill_practice`,
	`is_test`
) VALUES
	(@course_id,'asb3_did001','AlcoholSBIRT Overview','1','','0','0','0','0'),
	(@course_id,'asb3_did002','AlcoholSBIRT Overview','1','','0','10','0','0'),
	(@course_id,'asb3_did003','AlcoholSBIRT Overview','2','','0','10','0','0'),
	(@course_id,'asb3_did004','AlcoholSBIRT Overview','3','','0','10','0','0'),
	(@course_id,'asb3_did005','AlcoholSBIRT Overview','4','','0','10','0','0'),
	(@course_id,'asb3_did006','AlcoholSBIRT Overview','5','','0','10','0','0'),
	(@course_id,'asb3_did007','AlcoholSBIRT Overview','6','','0','10','0','0'),
	(@course_id,'asb3_did008','AlcoholSBIRT Overview','7','','0','10','0','0'),
	(@course_id,'asb3_did009','Review','1','','0','0','0','0'),
	(@course_id,'asb3_did010','AlcoholSBIRT Background','1','','0','0','0','0'),
	(@course_id,'asb3_did011','','1','','0','19','0','0'),
	(@course_id,'asb3_did012','','2','','0','19','0','0'),
	(@course_id,'asb3_mod1_vig1','Patient Provider Example','1','','0','0','0','0'),
	(@course_id,'asb3_did013','','1','','0','22','0','0'),
	(@course_id,'asb3_mod1_vig2','','2','','0','22','0','0'),
	(@course_id,'asb3_did014','Review','1','','0','0','0','0'),
	(@course_id,'asb3_did015','How AlcoholSBIRT Works','1','','0','0','0','0'),
	(@course_id,'asb3_did016','','1','','0','26','0','0'),
	(@course_id,'asb3_did017','','2','','0','26','0','0'),
	(@course_id,'asb3_did018','','3','','0','26','0','0'),
	(@course_id,'asb3_did019','','4','','0','26','0','0'),
	(@course_id,'asb3_did020','','5','','0','26','0','0'),
	(@course_id,'asb3_did021','','6','','0','26','0','0'),
	(@course_id,'asb3_did022','','7','','0','26','0','0'),
	(@course_id,'asb3_did023','','8','','0','26','0','0'),
	(@course_id,'asb3_did024','','9','','0','26','0','0'),
	(@course_id,'asb3_mod2_vig1','Patient Provider Example','1','','0','0','0','0'),
	(@course_id,'asb3_did025','','1','','0','36','0','0'),
	(@course_id,'asb3_mod2_vig2','','2','','0','36','0','0'),
	(@course_id,'asb3_mod2_sp1intro','Skill Practice','1','','0','0','0','0'),
	(@course_id,'dod_3hr_mod2_sp1s1','AUDIT (Example 1)','1','','0','39','0','1'),
	(@course_id,'asb3_did026','Review','1','','0','0','0','0'),
	(@course_id,'asb3_did027','Brief Intervention','1','','0','0','0','0'),
	(@course_id,'asb3_did028','','1','','0','42','0','0'),
	(@course_id,'asb3_mod3_vig1','Patient Provider Example','1','','0','0','0','0'),
	(@course_id,'asb3_did029','','1','','0','44','0','0'),
	(@course_id,'asb3_did030','Raising the Subject and Building Rapport','1','','0','0','0','0'),
	(@course_id,'asb3_mod4_vig1','Patient Provider Example','1','','0','0','0','0'),
	(@course_id,'asb3_mod4_sp1intro','Skill Practice','1','','0','0','0','0'),
	(@course_id,'asb3_mod4_sp1s1','','1','','2','48','1','0'),
	(@course_id,'asb3_mod4_sp1s2','','2','','2','48','1','0'),
	(@course_id,'asb3_did031','Review','1','','0','0','0','0'),
	(@course_id,'asb3_did032','Providing Feedback','1','','0','0','0','0'),
	(@course_id,'asb3_did033','','1','','0','52','0','0'),
	(@course_id,'asb3_did034','','2','','0','52','0','0'),
	(@course_id,'asb3_mod5_vig1','Patient Provider Example','1','','0','0','0','0'),
	(@course_id,'asb3_did035','','1','','0','55','0','0'),
	(@course_id,'asb3_mod5_vig2','','2','','0','55','0','0'),
	(@course_id,'asb3_mod5_sp1intro','Skill Practice','1','','0','0','0','0'),
	(@course_id,'asb3_mod5_sp1s1','','1','','2','58','1','0'),
	(@course_id,'asb3_mod5_sp1s2intro','','2','','0','58','0','0'),
	(@course_id,'asb3_mod5_sp1s2','','3','','2','58','1','0'),
	(@course_id,'asb3_did036','Review','1','','0','0','0','0'),
	(@course_id,'asb3_did037','Enhanching Motivation with OARS','1','','0','0','0','0'),
	(@course_id,'asb3_did038','Open Ended Questions','1','','0','0','0','0'),
	(@course_id,'asb3_mod6_vig1','Patient Provider Example','1','','0','0','0','0'),
	(@course_id,'asb3_mod6_sp1intro','Skill Practice','1','','0','0','0','0'),
	(@course_id,'asb3_mod6_sp1s1','','1','','2','66','1','0'),
	(@course_id,'asb3_mod6_sp1s2','','2','','2','66','1','0'),
	(@course_id,'asb3_did039','Affirmations','1','','0','0','0','0'),
	(@course_id,'asb3_mod6_vig2','','1','','0','69','0','0'),
	(@course_id,'asb3_did040','Refections','1','','0','0','0','0'),
	(@course_id,'asb3_mod6_vig3','','1','','0','71','0','0'),
	(@course_id,'asb3_mod6_sp2intro','Skill Practice','1','','0','0','0','0'),
	(@course_id,'asb3_mod6_sp2s1','','1','','2','73','1','0'),
	(@course_id,'asb3_did041','Summarization','1','','0','0','0','0'),
	(@course_id,'asb3_mod6_vig4','','1','','0','75','0','0'),
	(@course_id,'asb3_did041a','','2','','0','75','0','0'),
	(@course_id,'asb3_did042','Eliciting Change Talk','1','','0','0','0','0'),
	(@course_id,'asb3_did043','','1','','0','78','0','0'),
	(@course_id,'asb3_mod7_vig1','Patient Provider Example','1','','0','0','0','0'),
	(@course_id,'asb3_did044','','1','','0','80','0','0'),
	(@course_id,'asb3_mod7_vig2','','2','','0','80','0','0'),
	(@course_id,'asb3_did045','','3','','0','80','0','0'),
	(@course_id,'asb3_did046','','4','','0','80','0','0'),
	(@course_id,'asb3_did047','','5','','0','80','0','0'),
	(@course_id,'asb3_mod7_sp1intro','Skill Practice','1','','0','0','0','0'),
	(@course_id,'asb3_mod7_sp1s1','','1','','2','86','1','0'),
	(@course_id,'asb3_mod7_sp1s2','','2','','2','86','1','0'),
	(@course_id,'asb3_did048','Confidence Statements','1','','0','0','0','0'),
	(@course_id,'asb3_mod8_vig1','Patient Provider Example','1','','0','0','0','0'),
	(@course_id,'asb3_did049','','1','','0','90','0','0'),
	(@course_id,'asb3_mod8_vig2','','2','','0','90','0','0'),
	(@course_id,'asb3_did050','Negotiating and Advising','1','','0','0','0','0'),
	(@course_id,'asb3_mod9_vig1','Patient Provider Example','1','','0','0','0','0'),
	(@course_id,'asb3_did051','','1','','0','94','0','0'),
	(@course_id,'asb3_mod9_sp1intro','Skill Practice','1','','0','0','0','0'),
	(@course_id,'asb3_mod9_sp1s1','','1','','2','96','1','0'),
	(@course_id,'asb3_mod9_sp1s2','','2','','2','96','1','0'),
	(@course_id,'asb3_did052','Referral to Treatment','1','','0','0','0','0'),
	(@course_id,'asb3_did053','','1','','0','99','0','0'),
	(@course_id,'asb3_did054','','2','','0','99','0','0'),
	(@course_id,'asb3_did055','','3','','0','99','0','0'),
	(@course_id,'asb3_mod10_vig1','Patient Provider Example','1','','0','0','0','0'),
	(@course_id,'asb3_mod10_vig2','','1','','0','103','0','0'),
	(@course_id,'asb3_did056','','2','','0','103','0','0'),
	(@course_id,'asb3_did057','','3','','0','103','0','0'),
	(@course_id,'asb3_did058','','4','','0','103','0','0'),
	(@course_id,'asb3_mod11_ps1intro','Patient Simulation','1','','0','0','0','0'),
	(@course_id,'asb3_mod11_ps1s1','Patient Simulation: Step 1','1','','2','108','1','0'),
	(@course_id,'asb3_mod11_ps1s2','Patient Simulation: Step 2','1','','2','0','1','0'),
	(@course_id,'asb3_mod11_ps1s3','Patient Simulation: Step 3','1','','2','0','1','0'),
	(@course_id,'asb3_mod11_ps1s4intro','Patient Simulation: Step 4','1','','0','0','0','0'),
	(@course_id,'asb3_mod11_ps1s4q4','Patient Simulation: Step 4','1','','0','112','0','1'),
	(@course_id,'asb3_mod11_ps1s4q5','Patient Simulation: Step 4','2','','0','112','0','1'),
	(@course_id,'asb3_mod11_ps1s4q6','Patient Simulation: Step 4','3','','0','112','0','1'),
	(@course_id,'asb3_mod11_ps1s4q7','Patient Simulation: Step 4','4','','0','112','0','1'),
	(@course_id,'asb3_mod11_ps1s4q8','Patient Simulation: Step 4','5','','0','112','0','1'),
	(@course_id,'asb3_mod11_ps1s4q9','Patient Simulation: Step 4','6','','0','112','0','1'),
	(@course_id,'asb3_mod11_ps1s4q10','Patient Simulation: Step 4','7','','0','112','0','1'),
	(@course_id,'asb3_mod11_ps1s4','Patient Simulation: Step 4','8','','2','112','1','0'),
	(@course_id,'asb3_mod11_ps1s5','Patient Simulation: Step 5','1','','2','0','1','0'),
	(@course_id,'asb3_mod11_ps1s5model','Patient Simulation: Step 5','1','','0','121','0','0'),
	(@course_id,'asb3_mod11_ps1s6','Patient Simulation: Step 6','1','','2','0','1','0'),
	(@course_id,'asb3_mod11_ps1s7','Patient Simulation: Step 7','1','','2','0','1','0'),
	(@course_id,'asb3_mod11_ps1s7model','Patient Simulation: Step 7','1','','0','125','0','0'),
	(@course_id,'asb3_mod11_ps1s8','Patient Simulation: Step 8','1','','2','0','1','0'),
	(@course_id,'asb3_mod11_ps1s8model','Patient Simulation: Step 8','1','','0','126','0','0'),
	(@course_id,'asb3_did059','Closing','1','','0','0','0','0'),
	(@course_id,'dod_3hr_pre_test','Pre-Test','1','','0','0','0','1'),
	(@course_id,'dod_3hr_post_test_content','Content/Knowledge Questions','1','','0','0','0','1'),
	(@course_id,'dod_3hr_post_test_competence','Competence Questions','1','','0','0','0','1'),
	(@course_id,'dod_3hr_post_test_satisfaction','Satisfaction Survey','1','','0','0','0','1'),
	(@course_id,'dod_3hr_practice','Practice Questions','1','','0','0','0','1'),
	(@course_id,'dod_3hr_mod2_sp1s2','AUDIT (Example 2)','2','','0','39','0','1'),
	(@course_id,'asb3_mod1','AlcoholSBIRT 3 Hour Program','1','','0','0','0','0'),
	(@course_id,'asb3_mod2_1','Screening','1','','0','0','0','0'),
	(@course_id,'asb3_mod2_2','Review','1','','0','0','0','0'),
	(@course_id,'asb3_mod3','Brief Intervention','1','','0','0','0','0'),
	(@course_id,'asb3_mod4_1','Raising the Subject and Building Rapport','1','','0','0','0','0'),
	(@course_id,'asb3_mod4_2','Review','1','','0','0','0','0'),
	(@course_id,'asb3_mod5_1','Providing Feedback','1','','0','0','0','0'),
	(@course_id,'asb3_mod5_2','Review','1','','0','0','0','0'),
	(@course_id,'asb3_mod6_1','Enhancing Motivation','1','','0','0','0','0'),
	(@course_id,'asb3_mod6_2','Affirmations / Reflections','1','','0','0','0','0'),
	(@course_id,'asb3_mod6_3','Review','1','','0','0','0','0'),
	(@course_id,'asb3_mod7','Eliciting Change Talk','1','','0','0','0','0'),
	(@course_id,'asb3_mod8','Confidence Statements','1','','0','0','0','0'),
	(@course_id,'asb3_mod9_1','Negotiating and Advising','1','','0','0','0','0'),
	(@course_id,'asb3_mod9_2','Review','1','','0','0','0','0'),
	(@course_id,'asb3_mod10','Referral to Treatment','1','','0','0','0','0'),
	(@course_id,'asb3_mod11_1','Patient Simulation','1','','0','0','0','0'),
	(@course_id,'asb3_mod11_2','Closing','1','','0','0','0','0'),
	(@course_id,'asb3_mod6_sp2s2intro','Skill Practice','1','','0','0','0','0'),
	(@course_id,'asb3_mod6_sp2s2','Skill Practice','1','','2','164','1','0');

-- master_tests
INSERT INTO `master_tests` (
	`key`,
	`test_name`,
	`course_id`,
	`base_question`,
	`max_iterations`,
	`total_points`,
	`passing_score`,
	`required`
)
VALUES
	('dod_3hr_pre_test','Pre-Test',@course_id,'Please indicate how professionally competent you feel in performing these alcohol-related aspects of patient care.','1','0','0','0'),
	('dod_3hr_post_test_content','Content/Knowledge Questions',@course_id,'','3','21','15','1'),
	('dod_3hr_post_test_competence','Competence Questions',@course_id,'Please indicate how professionally competent you feel in performing these alcohol-related aspects of patient care.','1','0','0','0'),
	('dod_3hr_post_test_satisfaction','Satisfaction Survey',@course_id,'','1','0','0','1'),
	('dod_3hr_practice','Questions about Your Practice',@course_id,'Please indicate the frequency with which you perform each alcohol-related aspect of care. How often do you:','1','0','0','0'),
	('dod_3hr_mod2_sp1s1','AUDIT (example 1)',@course_id,'','2','1','1','0'),
	('dod_3hr_mod2_sp1s2','AUDIT (example 2)',@course_id,'','2','1','1','0'),
	('asb3_mod11_ps1s4q4','Question 4',@course_id,'','2','1','1','0'),
	('asb3_mod11_ps1s4q5','Question 5',@course_id,'','2','1','1','0'),
	('asb3_mod11_ps1s4q6','Question 6',@course_id,'','2','1','1','0'),
	('asb3_mod11_ps1s4q7','Question 7',@course_id,'','2','1','1','0'),
	('asb3_mod11_ps1s4q8','Question 8',@course_id,'','2','1','1','0'),
	('asb3_mod11_ps1s4q9','Question 9',@course_id,'','2','1','1','0'),
	('asb3_mod11_ps1s4q10','Question 10',@course_id,'','2','1','1','0');

-- set the current maximum scheme_id to use as a base for newly inserted scheme ids
set @scheme_id = (select(max(scheme_id)) from master_test_elements_schemes);
select @scheme_id;

-- master_test_elements_schemes
INSERT INTO `master_test_elements_schemes` (
	`scheme_id`,
	`answer`,
	`text`
	) VALUES
	(@scheme_id + 1,'1','Not at all Competent'),
	(@scheme_id + 1,'2','Only a Little Competent'),
	(@scheme_id + 1,'3','Moderately Competent'),
	(@scheme_id + 1,'4','Very Competent'),
	(@scheme_id + 2,'1','Never'),
	(@scheme_id + 2,'2','Rarely'),
	(@scheme_id + 2,'3','Sometimes'),
	(@scheme_id + 2,'4','Usually'),
	(@scheme_id + 2,'5','Always'),
	(@scheme_id + 3,'1','Very Dissatisfied'),
	(@scheme_id + 3,'2','Dissatisfied'),
	(@scheme_id + 3,'3','Neutral'),
	(@scheme_id + 3,'4','Satisfied'),
	(@scheme_id + 3,'5','Very Satisfied'),
	(@scheme_id + 4,'a','3 per day and 7 per week.'),
	(@scheme_id + 4,'b','4 per day and 14 per week.'),
	(@scheme_id + 4,'c','7 per day and 21 per week'),
	(@scheme_id + 4,'d','6 per day and 14 per week.'),
	(@scheme_id + 5,'a','2 ounces of wine'),
	(@scheme_id + 5,'b','1.5 ounces of whiskey (80 proof)'),
	(@scheme_id + 5,'c','12 ounces of wine'),
	(@scheme_id + 5,'d','0.5 ounces of vodka (80 proof)'),
	(@scheme_id + 5,'e','b and c'),
	(@scheme_id + 6,'a','A score of 4 or more for men.'),
	(@scheme_id + 6,'b','A score of 6 or more for men.'),
	(@scheme_id + 6,'c','A score of 3 or more for (non-pregnant) women.'),
	(@scheme_id + 6,'d','A score of 5 or more for both men and women.'),
	(@scheme_id + 6,'e','All of the above.'),
	(@scheme_id + 7,'a','Are pregnant or trying to become pregnant.'),
	(@scheme_id + 7,'b','Are taking medications that may interact with alcohol.'),
	(@scheme_id + 7,'c','Are under 21 years old.'),
	(@scheme_id + 7,'d','All of the above.'),
	(@scheme_id + 8,'a','Refer the patient to specialty substance abuse care for treatment.'),
	(@scheme_id + 8,'b','Make a note to assess the patient again at their next annual primary care appointment.'),
	(@scheme_id + 8,'c','Refer the patient to the Internal Behavioral Health Consultant for further assessment and brief intervention.'),
	(@scheme_id + 8,'d','Do nothing. Most patients will endorse an alcohol use disorder on their first primary care visit.'),
	(@scheme_id + 9,'a','True'),
	(@scheme_id + 9,'b','False'),
	(@scheme_id + 10,'a','0 drinks per day'),
	(@scheme_id + 10,'b','1 drink per day'),
	(@scheme_id + 10,'c','2 drinks per day'),
	(@scheme_id + 10,'d','3 drinks per day'),
	(@scheme_id + 11,'a','8%'),
	(@scheme_id + 11,'b','25%'),
	(@scheme_id + 11,'c','43%'),
	(@scheme_id + 11,'d','75%'),
	(@scheme_id + 12,'a','12 ounces of regular beer'),
	(@scheme_id + 12,'b','8 ounces of table wine'),
	(@scheme_id + 12,'c','1.5 ounces of brandy'),
	(@scheme_id + 12,'d','1.5 ounce shot of 80-proof spirits (hard liquor)'),
	(@scheme_id + 13,'a','Quantity and frequency of alcohol use.'),
	(@scheme_id + 13,'b','Consequences of alcohol use.'),
	(@scheme_id + 13,'c','Reasons for cutting back on alcohol use.'),
	(@scheme_id + 13,'d','All of the above.'),
	(@scheme_id + 14,'a','Screening - Advising - Reinforcing - Referring.'),
	(@scheme_id + 14,'b','Raising the subject - Providing feedback - Enhancing motivation - Negotiating and advising.'),
	(@scheme_id + 14,'c','Asking - Listening - Educating - Advising.'),
	(@scheme_id + 14,'d','None of the above.'),
	(@scheme_id + 15,'a','An affirming statement'),
	(@scheme_id + 15,'b','A motivational statement'),
	(@scheme_id + 15,'c','A confrontational statement'),
	(@scheme_id + 15,'d','A reflective statement'),
	(@scheme_id + 16,'a','Open-ended question.'),
	(@scheme_id + 16,'b','Reflection.'),
	(@scheme_id + 16,'c','Asking permission.'),
	(@scheme_id + 16,'d','Affirmation.'),
	(@scheme_id + 17,'a','\"What are some things you could try to help cut back on your alcohol use?\"'),
	(@scheme_id + 17,'b','\"Have you tried support groups?\"'),
	(@scheme_id + 17,'c','\"Is this an important change for you to make?\"'),
	(@scheme_id + 17,'d','\"You can start by avoiding the bar, what do you think?\"'),
	(@scheme_id + 18,'a','\"I have noticed that you are really good at identifying strategies which help you reduce your alcohol use.\"'),
	(@scheme_id + 18,'b','\"I appreciated you openness to talking with me about your alcohol use and sharing your experiences.\"'),
	(@scheme_id + 18,'c','\"You have talked about some strategies you might try when faced with challenges while cutting back. I believe you can successfully implement those strategies in difficult situations.\"'),
	(@scheme_id + 18,'d','\"What I hear you saying is that you get really defensive and confrontational when people criticize your drinking. You\'re good at getting into fights.\"'),
	(@scheme_id + 19,'a','Help you accurately understand, not only what you patient is saying, but what their words mean.'),
	(@scheme_id + 19,'b','Help your patient clarify their thoughts.'),
	(@scheme_id + 19,'c','Reassure your patient that you are listening and understand their point of view.'),
	(@scheme_id + 19,'d','Explore a patient\'s alcohol use and options for change.'),
	(@scheme_id + 20,'a','\"Tell me more about your stomach pain.\"'),
	(@scheme_id + 20,'b','\"What I\'m hearing you say is that it would be difficult for you to cut back on your drinking right now but you are noticing increased stomach pain when you consume alcohol.\"'),
	(@scheme_id + 20,'c','\"Do you see the connection that drinking alcohol is causing the stomach pain you have been experiencing?\"'),
	(@scheme_id + 20,'d','\"What are some benefits to quitting?\"'),
	(@scheme_id + 21,'a','Closed questions.'),
	(@scheme_id + 21,'b','Summaries.'),
	(@scheme_id + 21,'c','Affirmations.'),
	(@scheme_id + 21,'d','Handouts.'),
	(@scheme_id + 22,'1','Not at all useful'),
	(@scheme_id + 22,'2','Not very useful'),
	(@scheme_id + 22,'3','Neutral'),
	(@scheme_id + 22,'4','Useful'),
	(@scheme_id + 22,'5','Extremely useful'),
	(@scheme_id + 23,'1','Extremely unlikely'),
	(@scheme_id + 23,'2','Moderately unlikely'),
	(@scheme_id + 23,'3','Neutral'),
	(@scheme_id + 23,'4','Likely'),
	(@scheme_id + 23,'5','Very likely'),
	(@scheme_id + 24,'1','Very Critical'),
	(@scheme_id + 24,'2','Somewhat Critical'),
	(@scheme_id + 24,'3','Not Very Critical'),
	(@scheme_id + 25,'1','Very Appropriate'),
	(@scheme_id + 25,'2','Somewhat Appropriate'),
	(@scheme_id + 25,'3','Not Very Appropriate'),
	(@scheme_id + 26,'1','High Degree of Confidence'),
	(@scheme_id + 26,'2','Medium Degree of Confidence'),
	(@scheme_id + 26,'3','Low Degree of Confidence'),
	(@scheme_id + 27,'1','Low risk: Positive reinforcement'),
	(@scheme_id + 27,'2','Moderate risk: Brief intervention'),
	(@scheme_id + 27,'3','Moderate-high risk: Brief therapy'),
	(@scheme_id + 27,'4','High risk: Referral to treatment'),
	(@scheme_id + 28,'a','Yes'),
	(@scheme_id + 28,'b','No'),
	(@scheme_id + 29,'a','Excessive alcohol use is the second leading cause of preventable death in the United States. '),
	(@scheme_id + 29,'b','The purpose of screening and brief intervention is to identify patients who need substance use treatment.'),
	(@scheme_id + 29,'c','Most of the harm due to alcohol is attributable to nondependent occasional or regular risky use. '),
	(@scheme_id + 29,'d','An effective brief intervention requires a 30 minute conversation with your patient. '),
	(@scheme_id + 30,'a','3 per day and 7 per week.'),
	(@scheme_id + 30,'b','4 per day and 14 per week.'),
	(@scheme_id + 30,'c','2 per day and 10 per week.'),
	(@scheme_id + 30,'d','3 per day and 14 per week.'),
	(@scheme_id + 31,'a','Identify patients who have or are at-risk for developing health consequences related to their substance use.'),
	(@scheme_id + 31,'b','Allow the provider to reinforce prevention and health promotion by recognizing positive choices the patient has made with substance abuse.'),
	(@scheme_id + 31,'c','Ellicit honest answers if the patient is asked the screening questions without judgment using a validated screening instrument.'),
	(@scheme_id + 31,'d','All of the above.'),
	(@scheme_id + 32,'a','1. Screen, 2. Advice, 3. Reinforce, and 4. Refer.'),
	(@scheme_id + 32,'b','1. Raise the subject, 2. Provide feedback, 3. Enhance motivation, and 4. Negotiate and advise.'),
	(@scheme_id + 32,'c','1. Ask, 2. Listen, 3. Provide Feedback, and 4. Advise.'),
	(@scheme_id + 32,'d','None of the above.'),
	(@scheme_id + 33,'a','Open-ended question.'),
	(@scheme_id + 33,'b','Reflection.'),
	(@scheme_id + 33,'c','Asking permission.'),
	(@scheme_id + 33,'d','Affirmation.'),
	(@scheme_id + 34,'a','\"What are some things you could try to help cut back your alcohol use?\"'),
	(@scheme_id + 34,'b','\"Have you tried support groups?\"'),
	(@scheme_id + 34,'c','\"Is this an important change for you to make?\"'),
	(@scheme_id + 34,'d','\"You can start by avoiding the bar, what do you think?\" '),
	(@scheme_id + 35,'a','Recognize strengths, successes, and efforts to change.'),
	(@scheme_id + 35,'b','Promotes self-efficacy and confidence in ability to change.'),
	(@scheme_id + 35,'c','Get confirmation that the patient will change.'),
	(@scheme_id + 35,'d','Both a and b.'),
	(@scheme_id + 36,'a','\"Tell me more about your respiratory infections.\"'),
	(@scheme_id + 36,'b','\"What I\'m hearing you say is that it would be difficult for you to quit using tobacco right now but you are noticing an increase in respiratory infections from your smoking.\"'),
	(@scheme_id + 36,'c','\"Do you see the connection that smoking is causing the respiratory infections you have been experiencing?\"'),
	(@scheme_id + 36,'d','\"What are some benefits to quitting?\"'),
	(@scheme_id + 37,'a','Share the 10 point scale: Zero is definitely not ready to change and 10 is definitely ready to change.'),
	(@scheme_id + 37,'b','Explore further by asking the patient why he chose that number.'),
	(@scheme_id + 37,'c','Ask the patient why he didn\'t indicate a lower number to elicit motivational change talk.'),
	(@scheme_id + 37,'d','All of the above.'),
	(@scheme_id + 38,'a','The patient needs to do exactly what the provider says to make the change.'),
	(@scheme_id + 38,'b','The goal should be short-term, specific, and attainable.'),
	(@scheme_id + 38,'c','The goal should be tailored to the patient.'),
	(@scheme_id + 38,'d','Encourage the patient to follow-up with the provider if more assistance is needed to reach the goal.'),
	(@scheme_id + 39,'a','Closed questions.'),
	(@scheme_id + 39,'b','Summaries.'),
	(@scheme_id + 39,'c','Affirmations.'),
	(@scheme_id + 39,'d','Handouts.'),
	(@scheme_id + 40,'a','Negotiate and Advise.'),
	(@scheme_id + 40,'b','Raise the Subject.'),
	(@scheme_id + 40,'c','Enhance Motivation.'),
	(@scheme_id + 40,'d','Provide Feedback.'),
	(@scheme_id + 41,'a','The screening results fall in the \"high risk\" category.'),
	(@scheme_id + 41,'b','Patient scores in the \"moderate risk\" category but you feel it is appropriate to make a discretionary referral.'),
	(@scheme_id + 41,'c','Patient asks for assistance or treatment.'),
	(@scheme_id + 41,'d','All of the above.'),
	(@scheme_id + 44,'1','Yes'),
	(@scheme_id + 44,'2','No');

-- master_test_elements
INSERT INTO `master_test_elements` (
	`test_id`,
	`response_id`,
	`question_number`,
	`question_number_display_text`,
	`question`,
	`correct_answer`,
	`number_of_attempts_allowed`,
	`active`,
	`scheme`,
	`heading`
)
VALUES

	((select id from master_tests where `key` = 'dod_3hr_pre_test'), 'dod_3hr_pre_test', '1', '1', 'Asking patients about their alcohol use.', '', '1', '1', @scheme_id + 1, ''),
	((select id from master_tests where `key` = 'dod_3hr_pre_test'), 'dod_3hr_pre_test', '2', '2', 'Asking about quantity and frequency of alcohol use.', '', '1', '1', @scheme_id + 1, ''),
	((select id from master_tests where `key` = 'dod_3hr_pre_test'), 'dod_3hr_pre_test', '3', '3', 'Screening patients for alcohol problems using a formal screening instrument.', '', '1', '1', @scheme_id + 1, ''),
	((select id from master_tests where `key` = 'dod_3hr_pre_test'), 'dod_3hr_pre_test', '4', '4', 'Assessing patient\'s readiness to change their drinking behavior.', '', '1', '1', @scheme_id + 1, ''),
	((select id from master_tests where `key` = 'dod_3hr_pre_test'), 'dod_3hr_pre_test', '5', '5', 'Discussing/advising patients to change their drinking behavior.', '', '1', '1', @scheme_id + 1, ''),
	((select id from master_tests where `key` = 'dod_3hr_pre_test'), 'dod_3hr_pre_test', '6', '6', 'Referring patients with alcohol problems to alcohol treatment programs or self-help groups.', '', '1', '1', @scheme_id + 1, ''),
	((select id from master_tests where `key` = 'dod_3hr_pre_test'), 'dod_3hr_pre_test', '7', '7', 'Referring the care of patients with alcohol problems to a colleague or specialist.', '', '1', '1', @scheme_id + 1, ''),
	((select id from master_tests where `key` = 'dod_3hr_pre_test'), 'dod_3hr_pre_test', '8', '8', 'Individualizing alcohol-related care based on factors such as age, gender or medical condition.', '', '1', '1', @scheme_id + 1, ''),
	((select id from master_tests where `key` = 'dod_3hr_post_test_content'), 'dod_3hr_post_test_content', '2', '2', 'The recommended drinking guidelines for a 40-year-old male are no more than:', 'b', '3', '1', @scheme_id + 4, ''),
	((select id from master_tests where `key` = 'dod_3hr_post_test_content'), 'dod_3hr_post_test_content', '9', '9', 'The recommended drinking guidelines for a 35-year-old (non-pregnant) female are no more than:', 'a', '3', '1', @scheme_id + 4, ''),
	((select id from master_tests where `key` = 'dod_3hr_post_test_content'), 'dod_3hr_post_test_content', '3', '3', 'One bottle (12 oz.) of beer has about the same alcohol content as:', 'b', '3', '1', @scheme_id + 5, ''),
	((select id from master_tests where `key` = 'dod_3hr_post_test_content'), 'dod_3hr_post_test_content', '4', '4', 'Which of the following indicates risky drinking and the need for a brief intervention to reduce risk on the AUDIT-C?', 'e', '3', '1', @scheme_id + 6, ''),
	((select id from master_tests where `key` = 'dod_3hr_post_test_content'), 'dod_3hr_post_test_content', '5', '5', 'It is safest to avoid alcohol altogether if you:', 'd', '3', '1', @scheme_id + 7, ''),
	((select id from master_tests where `key` = 'dod_3hr_post_test_content'), 'dod_3hr_post_test_content', '1', '1', 'Excessive alcohol use is a common factor in military sexual assault, domestic violence, and suicide.', 'a', '3', '1', @scheme_id + 9, ''),
	((select id from master_tests where `key` = 'dod_3hr_post_test_content'), 'dod_3hr_post_test_content', '7', '7', 'True or False? Exposure to combat increases the rate of alcohol problems and depression.', 'a', '3', '1', @scheme_id + 9, ''),
	((select id from master_tests where `key` = 'dod_3hr_post_test_content'), 'dod_3hr_post_test_content', '8', '8', 'True or False? Effective brief intervention can take as little as 5 minutes?', 'a', '3', '1', @scheme_id + 9, ''),
	((select id from master_tests where `key` = 'dod_3hr_post_test_content'), 'dod_3hr_post_test_content', '10', '10', 'The recommended drinking guidelines for women who are pregnant, people under the age of 21, and patients taking prescription opioids or Central Nervous System depressants are:', 'a', '3', '1', @scheme_id + 10, ''),
	((select id from master_tests where `key` = 'dod_3hr_post_test_content'), 'dod_3hr_post_test_content', '6', '6', 'What percentage of active duty military personnel reported drinking heavily, more than 5 drinks at one time during the last month?', 'c', '3', '1', @scheme_id + 11, ''),
	((select id from master_tests where `key` = 'dod_3hr_post_test_content'), 'dod_3hr_post_test_content', '11', '11', 'Which of the following is NOT equal to a standard drink?', 'b', '3', '1', @scheme_id + 12, ''),
	((select id from master_tests where `key` = 'dod_3hr_post_test_content'), 'dod_3hr_post_test_content', '12', '12', 'The AUDIT-C asks about which of the following?', 'a', '3', '1', @scheme_id + 13, ''),
	((select id from master_tests where `key` = 'dod_3hr_post_test_content'), 'dod_3hr_post_test_content', '13', '13', 'The components of the brief intervention process include:', 'b', '3', '1', @scheme_id + 14, ''),
	((select id from master_tests where `key` = 'dod_3hr_post_test_content'), 'dod_3hr_post_test_content', '14', '14', '\"Why do you not stop drinking? If you really wanted to you would.\" is an example of which of the following?', 'c', '3', '1', @scheme_id + 15, ''),
	((select id from master_tests where `key` = 'dod_3hr_post_test_content'), 'dod_3hr_post_test_content', '15', '15', '\"Would you mind taking a few minutes to talk with me about your substance use?\" is an example of which brief intervention skill?', 'c', '3', '1', @scheme_id + 16, ''),
	((select id from master_tests where `key` = 'dod_3hr_post_test_content'), 'dod_3hr_post_test_content', '16', '16', '\"What concerns do you have about your drinking?\" is an example of which motivational skill?', 'a', '3', '1', @scheme_id + 16, ''),
	((select id from master_tests where `key` = 'dod_3hr_post_test_content'), 'dod_3hr_post_test_content', '17', '17', 'Your patient says he wants to cut back on the amount he is drinking but doesn\'t know where to start. Select the best open-ended question to elicit a response.', 'a', '3', '1', @scheme_id + 17, ''),
	((select id from master_tests where `key` = 'dod_3hr_post_test_content'), 'dod_3hr_post_test_content', '18', '18', 'Which of the following is NOT an affirming statement:', 'd', '3', '1', @scheme_id + 18, ''),
	((select id from master_tests where `key` = 'dod_3hr_post_test_content'), 'dod_3hr_post_test_content', '19', '19', 'Which of the following is NOT a primary goal of reflective listening:', 'd', '3', '1', @scheme_id + 19, ''),
	((select id from master_tests where `key` = 'dod_3hr_post_test_content'), 'dod_3hr_post_test_content', '20', '20', 'The patient disclosed that she should cut back on drinking because she gets stomach pain when she consumes alcohol but that cutting back would be too difficult right not because it helps her cope with stress. Select the best reflection to validate the patient\'s feelings.', 'b', '3', '1', @scheme_id + 20, ''),
	((select id from master_tests where `key` = 'dod_3hr_post_test_content'), 'dod_3hr_post_test_content', '21', '21', '__________ are used to clarify issues, highlight key aspects of the patient\'s ambivalence, and to shift the focus of the discussion.', 'b', '3', '1', @scheme_id + 21, ''),
	((select id from master_tests where `key` = 'dod_3hr_post_test_competence'), 'dod_3hr_post_test_competence', '1', '1', 'Asking patients about their alcohol use.', '', '1', '1', @scheme_id + 1, ''),
	((select id from master_tests where `key` = 'dod_3hr_post_test_competence'), 'dod_3hr_post_test_competence', '2', '2', 'Asking about quantity and frequency of use.', '', '1', '1', @scheme_id + 1, ''),
	((select id from master_tests where `key` = 'dod_3hr_post_test_competence'), 'dod_3hr_post_test_competence', '3', '3', 'Screening patients for alcohol problems using a formal screening instrument.', '', '1', '1', @scheme_id + 1, ''),
	((select id from master_tests where `key` = 'dod_3hr_post_test_competence'), 'dod_3hr_post_test_competence', '4', '4', 'Assessing patients\' readiness to change their drinking behavior.', '', '1', '1', @scheme_id + 1, ''),
	((select id from master_tests where `key` = 'dod_3hr_post_test_competence'), 'dod_3hr_post_test_competence', '5', '5', 'Discussing/advising patients to change their drinking behavior.', '', '1', '1', @scheme_id + 1, ''),
	((select id from master_tests where `key` = 'dod_3hr_post_test_competence'), 'dod_3hr_post_test_competence', '6', '6', 'Referring patients with alcohol problems to alcohol treatment programs or self-help groups.', '', '1', '1', @scheme_id + 1, ''),
	((select id from master_tests where `key` = 'dod_3hr_post_test_competence'), 'dod_3hr_post_test_competence', '7', '7', 'Referring the care of patients with alcohol problems to a colleague or specialist.', '', '1', '1', @scheme_id + 1, ''),
	((select id from master_tests where `key` = 'dod_3hr_post_test_competence'), 'dod_3hr_post_test_competence', '8', '8', 'Individualizing alcohol-related care based on factors such as age, gender or medical condition.', '', '1', '1', @scheme_id + 1, ''),
	((select id from master_tests where `key` = 'dod_3hr_post_test_satisfaction'), 'dod_3hr_post_test_satisfaction', '1', '1', 'How satisfied are you with the overall quality of this training?', '', '1', '1', @scheme_id + 3, ''),
	((select id from master_tests where `key` = 'dod_3hr_post_test_satisfaction'), 'dod_3hr_post_test_satisfaction', '2', '2', 'Overall, how useful did you find the training?', '', '1', '1', @scheme_id + 22, ''),
	((select id from master_tests where `key` = 'dod_3hr_post_test_satisfaction'), 'dod_3hr_post_test_satisfaction', '4', '4', 'How useful did you find the educational training and facts presented about alcohol misuse?', '', '1', '1', @scheme_id + 22, ''),
	((select id from master_tests where `key` = 'dod_3hr_post_test_satisfaction'), 'dod_3hr_post_test_satisfaction', '5', '5', 'How useful did you find the simulated patient interactions?', '', '1', '1', @scheme_id + 22, ''),
	((select id from master_tests where `key` = 'dod_3hr_post_test_satisfaction'), 'dod_3hr_post_test_satisfaction', '3', '3', 'How likely will having attended this training significantly influence your practice around alcohol-related issues?', '', '1', '1', @scheme_id + 24, ''),
	((select id from master_tests where `key` = 'dod_3hr_post_test_satisfaction'), 'dod_3hr_post_test_satisfaction', '6', '6', 'How likely is it that you will obtain and use the additional materials that are directly linked to this training program?', '', '1', '1', @scheme_id + 24, ''),
	((select id from master_tests where `key` = 'dod_3hr_practice'), 'dod_3hr_practice', '1', '1', 'Ask patients about their alcohol use?', '', '1', '1', @scheme_id + 2, ''),
	((select id from master_tests where `key` = 'dod_3hr_practice'), 'dod_3hr_practice', '2', '2', 'Ask about quantity and frequency of alcohol use?', '', '1', '1', @scheme_id + 2, ''),
	((select id from master_tests where `key` = 'dod_3hr_practice'), 'dod_3hr_practice', '3', '3', 'Screen patients for alcohol problems using a formal screening instrument?', '', '1', '1', @scheme_id + 2, ''),
	((select id from master_tests where `key` = 'dod_3hr_practice'), 'dod_3hr_practice', '4', '4', 'Assess patient\'s readiness to change their drinking behavior?', '', '1', '1', @scheme_id + 2, ''),
	((select id from master_tests where `key` = 'dod_3hr_practice'), 'dod_3hr_practice', '5', '5', 'Discuss/advise patients to change their drinking behavior?', '', '1', '1', @scheme_id + 2, ''),
	((select id from master_tests where `key` = 'dod_3hr_practice'), 'dod_3hr_practice', '6', '6', 'Refer patients with alcohol problems to alcohol treatment programs or self-help groups?', '', '1', '1', @scheme_id + 2, ''),
	((select id from master_tests where `key` = 'dod_3hr_practice'), 'dod_3hr_practice', '7', '7', 'Refer the care of patients with alcohol problems to a colleague or specialist?', '', '1', '1', @scheme_id + 2, ''),
	((select id from master_tests where `key` = 'dod_3hr_practice'), 'dod_3hr_practice', '8', '8', 'Individualize alcohol-related care based on factors such as age, gender, or medical condition?', '', '1', '1', @scheme_id + 2, ''),
	((select id from master_tests where `key` = 'dod_3hr_mod2_sp1s1'), 'dod_3hr_mod2_sp1s1', '1', '1', 'Total:', '18', '2', '1', '0', '<div class=\"table-responsive\">\n  <table class=\"mr-quiz-table table table-striped table-bordered\">\n    <thead>\n      <tr>\n        <th>Questions</th>\n        <th>0</th>\n        <th>1</th>\n        <th>2</th>\n        <th>3</th>\n        <th>4</th>\n        <th>-</th>\n      </tr>\n    </thead>\n    <tbody>\n      <tr>\n        <th>1. How often do you have a drink containing alcohol?</th>\n        <td>Never</td>\n        <td>Monthly or less</td>\n        <td>Two to four times a month</td>\n        <td class=\"circle\">Two to three times a week</td>\n        <td>Four or more times a week</td>\n        <td><input type=\"text\" class=\"form-control\" numeric-only/></td>\n      </tr>\n      <tr>\n        <th>2. How many drinks do you have on a typical day when you are drinking?</th>\n        <td>1 or 2</td>\n        <td>3 or 4</td>\n        <td class=\"circle\">5 or 6</td>\n        <td>7 to 9</td>\n        <td>10 or more</td>\n        <td><input type=\"text\" class=\"form-control\" numeric-only/></td>\n      </tr>\n      <tr>\n        <th>3. How often do you have six or more drinks on one occasion?</th>\n        <td>Never</td>\n        <td>Less than monthly</td>\n        <td class=\"circle\">Monthly</td>\n        <td>Weekly</td>\n        <td>Daily or almost daily</td>\n        <td><input type=\"text\" class=\"form-control\" numeric-only/></td>\n      </tr>\n      <tr>\n        <th>4. How often during the last year have you found that you were not able to stop drinking once you had started?</th>\n        <td>Never</td>\n        <td class=\"circle\">Less than monthly</td>\n        <td>Monthly</td>\n        <td>Weekly</td>\n        <td>Daily or almost daily</td>\n        <td><input type=\"text\" class=\"form-control\" numeric-only/></td>\n      </tr>\n      <tr>\n        <th>5. How often during the last year have you failed to do what was normally expected from you because of drinking?</th>\n        <td>Never</td>\n        <td>Less than monthly</td>\n        <td class=\"circle\">Monthly</td>\n        <td>Weekly</td>\n        <td>Daily or almost daily</td>\n        <td><input type=\"text\" class=\"form-control\" numeric-only/></td>\n      </tr>\n      <tr>\n        <th>6. How often during the last year have you needed a first drink in the morning to get yourself going after a heavy drinking session?</th>\n        <td class=\"circle\">Never</td>\n        <td>Less than monthly</td>\n        <td>Monthly</td>\n        <td>Weekly</td>\n        <td>Daily or almost daily</td>\n        <td><input type=\"text\" class=\"form-control\" numeric-only/></td>\n      </tr>\n      <tr>\n        <th>7. How often during the last year have you had a feeling of guilt or remorse after drinking?</th>\n        <td>Never</td>\n        <td>Less than monthly</td>\n        <td class=\"circle\">Monthly</td>\n        <td>Weekly</td>\n        <td>Daily or almost daily</td>\n        <td><input type=\"text\" class=\"form-control\" numeric-only/></td>\n      </tr>\n      <tr>\n        <th>8. How often during the last year have you been unable to remember what happened the night before because of your drinking?</th>\n        <td>Never</td>\n        <td>Less than monthly</td>\n        <td class=\"circle\">Monthly</td>\n        <td>Weekly</td>\n        <td>Daily or almost daily</td>\n        <td><input type=\"text\" class=\"form-control\" numeric-only/></td>\n      </tr>\n      <tr>\n        <th>9. Have you or someone else been injured as a result of your drinking?</th>\n        <td>No</td>\n        <td>-</td>\n        <td class=\"circle\">Yes, but not in the last year</td>\n        <td>-</td>\n        <td>Yes, during the last year</td>\n        <td><input type=\"text\" class=\"form-control\" numeric-only/></td>\n      </tr>\n      <tr>\n        <th>10. Has a relative or friend, doctor or other healthcare worker been concerned about your drinking or suggested you cut down?</th>\n        <td>No</td>\n        <td>-</td>\n        <td class=\"circle\">Yes, but not in the last year</td>\n        <td>-</td>\n        <td>Yes, during the last year</td>\n        <td><input type=\"text\" class=\"form-control\" numeric-only/></td>\n      </tr>\n    </tbody>\n  </table>\n</div>'),
	((select id from master_tests where `key` = 'dod_3hr_mod2_sp1s2'), 'dod_3hr_mod2_sp1s2', '1', '1', 'Total:', '12', '2', '1', '0', '<div class=\"table-responsive\">\n  <table class=\"mr-quiz-table table table-striped table-bordered\">\n    <thead>\n      <tr>\n        <th>Questions</th>\n        <th>0</th>\n        <th>1</th>\n        <th>2</th>\n        <th>3</th>\n        <th>4</th>\n        <th>-</th>\n      </tr>\n    </thead>\n    <tbody>\n      <tr>\n        <th>1. How often do you have a drink containing alcohol?</th>\n        <td class=\"circle\">Never</td>\n        <td>Monthly or less</td>\n        <td>Two to four times a month</td>\n        <td>Two to three times a week</td>\n        <td>Four or more times a week</td>\n        <td><input type=\"text\" class=\"form-control\" numeric-only/></td>\n      </tr>\n      <tr>\n        <th>2. How many drinks do you have on a typical day when you are drinking?</th>\n        <td>1 or 2</td>\n        <td class=\"circle\">3 or 4</td>\n        <td>5 or 6</td>\n        <td>7 to 9</td>\n        <td>10 or more</td>\n        <td><input type=\"text\" class=\"form-control\" numeric-only/></td>\n      </tr>\n      <tr>\n        <th>3. How often do you have six or more drinks on one occasion?</th>\n        <td class=\"circle\">Never</td>\n        <td>Less than monthly</td>\n        <td>Monthly</td>\n        <td>Weekly</td>\n        <td>Daily or almost daily</td>\n        <td><input type=\"text\" class=\"form-control\" numeric-only/></td>\n      </tr>\n      <tr>\n        <th>4. How often during the last year have you found that you were not able to stop drinking once you had started?</th>\n        <td class=\"circle\">Never</td>\n        <td>Less than monthly</td>\n        <td>Monthly</td>\n        <td>Weekly</td>\n        <td>Daily or almost daily</td>\n        <td><input type=\"text\" class=\"form-control\" numeric-only/></td>\n      </tr>\n      <tr>\n        <th>5. How often during the last year have you failed to do what was normally expected from you because of drinking?</th>\n        <td>Never</td>\n        <td class=\"circle\">Less than monthly</td>\n        <td>Monthly</td>\n        <td>Weekly</td>\n        <td>Daily or almost daily</td>\n        <td><input type=\"text\" class=\"form-control\" numeric-only/></td>\n      </tr>\n      <tr>\n        <th>6. How often during the last year have you needed a first drink in the morning to get yourself going after a heavy drinking session?</th>\n        <td class=\"circle\">Never</td>\n        <td>Less than monthly</td>\n        <td>Monthly</td>\n        <td>Weekly</td>\n        <td>Daily or almost daily</td>\n        <td><input type=\"text\" class=\"form-control\" numeric-only/></td>\n      </tr>\n      <tr>\n        <th>7. How often during the last year have you had a feeling of guilt or remorse after drinking?</th>\n        <td>Never</td>\n        <td class=\"circle\">Less than monthly</td>\n        <td>Monthly</td>\n        <td>Weekly</td>\n        <td>Daily or almost daily</td>\n        <td><input type=\"text\" class=\"form-control\" numeric-only/></td>\n      </tr>\n      <tr>\n        <th>8. How often during the last year have you been unable to remember what happened the night before because of your drinking?</th>\n        <td>Never</td>\n        <td class=\"circle\">Less than monthly</td>\n        <td>Monthly</td>\n        <td>Weekly</td>\n        <td>Daily or almost daily</td>\n        <td><input type=\"text\" class=\"form-control\" numeric-only/></td>\n      </tr>\n      <tr>\n        <th>9. Have you or someone else been injured as a result of your drinking?</th>\n        <td>No</td>\n        <td>-</td>\n        <td>Yes, but not in the last year</td>\n        <td>-</td>\n        <td class=\"circle\">Yes, during the last year</td>\n        <td><input type=\"text\" class=\"form-control\" numeric-only/></td>\n      </tr>\n      <tr>\n        <th>10. Has a relative or friend, doctor or other healthcare worker been concerned about your drinking or suggested you cut down?</th>\n        <td>No</td>\n        <td>-</td>\n        <td>Yes, but not in the last year</td>\n        <td>-</td>\n        <td class=\"circle\">Yes, during the last year</td>\n        <td><input type=\"text\" class=\"form-control\" numeric-only/></td>\n      </tr>\n    </tbody>\n  </table>\n</div>'),
	((select id from master_tests where `key` = 'asb3_mod11_ps1s4q4'), 'asb3_mod11_ps1s4q4', '1', '1', '', '0', '1', '1', '0', ''),
	((select id from master_tests where `key` = 'asb3_mod11_ps1s4q5'), 'asb3_mod11_ps1s4q5', '1', '1', '', '2', '1', '1', '0', ''),
	((select id from master_tests where `key` = 'asb3_mod11_ps1s4q6'), 'asb3_mod11_ps1s4q6', '1', '1', '', '0', '1', '1', '0', ''),
	((select id from master_tests where `key` = 'asb3_mod11_ps1s4q7'), 'asb3_mod11_ps1s4q7', '1', '1', '', '2', '1', '1', '0', ''),
	((select id from master_tests where `key` = 'asb3_mod11_ps1s4q8'), 'asb3_mod11_ps1s4q8', '1', '1', '', '1', '1', '1', '0', ''),
	((select id from master_tests where `key` = 'asb3_mod11_ps1s4q9'), 'asb3_mod11_ps1s4q9', '1', '1', '', '4', '1', '1', '0', ''),
	((select id from master_tests where `key` = 'asb3_mod11_ps1s4q10'), 'asb3_mod11_ps1s4q10', '1', '1', '', '4', '1', '1', '0', '');

-- master_roles
INSERT INTO `master_roles` (
	`organization_id`,
	`role_name`
) VALUES (
	1,
	'AlcoholSBIRT 3 Hour'
);

-- master_roles_course_map
INSERT INTO `master_role_course_map` (
	`organization_id`,
	`role_id`,
	`course_id`
) VALUES (
	1,
	(select id from master_roles where role_name = 'AlcoholSBIRT 3 Hour'),
	@course_id
);







